cluster,filename,format,height,max,mean,min,mode,outlier,std,width
3,/projetos/ghva/IA-Submarina-OnBoarding/data/raw/tubastraea/images/test/20240324-231713-ic_COMco24_025.jpg,JPEG,700,211,22.356274057539682,0,RGB,False,33.423896796747904,1920
0,/projetos/ghva/IA-Submarina-OnBoarding/data/raw/tubastraea/images/test/20240324-231746-ic_COMco24_025.jpg,JPEG,700,214,21.545141121031747,0,RGB,False,36.69627745081844,1920
3,/projetos/ghva/IA-Submarina-OnBoarding/data/raw/tubastraea/images/test/20240324-231749-ic_COMco24_025.jpg,JPEG,700,219,21.978197172619048,0,RGB,False,38.83303154368493,1920
3,/projetos/ghva/IA-Submarina-OnBoarding/data/raw/tubastraea/images/test/20240324-231849-ic_COMco24_025.jpg,JPEG,700,182,24.507578373015875,0,RGB,False,26.221736193789212,1920
3,/projetos/ghva/IA-Submarina-OnBoarding/data/raw/tubastraea/images/test/20240324-232101-ic_COMco24_025.jpg,JPEG,700,215,23.572288690476192,0,RGB,False,33.18625360915423,1920
3,/projetos/ghva/IA-Submarina-OnBoarding/data/raw/tubastraea/images/test/20240325-012707-ic_COMco24_025.jpg,JPEG,700,219,25.513359375,0,RGB,False,27.16286025589109,1920
2,/projetos/ghva/IA-Submarina-OnBoarding/data/raw/tubastraea/images/test/20240325-012854-ic_COMco24_025.jpg,JPEG,700,218,21.173441716269842,0,RGB,False,39.32656850201497,1920
3,/projetos/ghva/IA-Submarina-OnBoarding/data/raw/tubastraea/images/test/20240325-012915-ic_COMco24_025.jpg,JPEG,700,214,23.39292584325397,0,RGB,False,34.32501815636054,1920
3,/projetos/ghva/IA-Submarina-OnBoarding/data/raw/tubastraea/images/test/20240325-012924-ic_COMco24_025.jpg,JPEG,700,180,23.82836433531746,0,RGB,False,24.500157156084022,1920
2,/projetos/ghva/IA-Submarina-OnBoarding/data/raw/tubastraea/images/test/20240419-010844-ic_COMll24_033.jpg,JPEG,700,255,41.679905505952384,0,RGB,False,58.02424361253275,1920
2,/projetos/ghva/IA-Submarina-OnBoarding/data/raw/tubastraea/images/test/20240419-010847-ic_COMll24-033.jpg,JPEG,500,255,56.69568854166667,0,RGB,False,63.50201969465393,1920
2,/projetos/ghva/IA-Submarina-OnBoarding/data/raw/tubastraea/images/test/20240419-011601-ic_COMll24_033.jpg,JPEG,700,255,47.09302405753968,0,RGB,False,62.71057255966357,1920
2,/projetos/ghva/IA-Submarina-OnBoarding/data/raw/tubastraea/images/test/20240419-011835-ic_COMll24-033.jpg,JPEG,500,255,39.950235416666665,0,RGB,False,66.51214977679409,1920
2,/projetos/ghva/IA-Submarina-OnBoarding/data/raw/tubastraea/images/test/20240419-012105-ic_COMll24-033.jpg,JPEG,500,255,39.45257222222222,0,RGB,False,58.57898662082302,1920
2,/projetos/ghva/IA-Submarina-OnBoarding/data/raw/tubastraea/images/test/20240602-204649-ic_SOLjub24-080.jpg,JPEG,700,255,37.42233953373016,0,RGB,False,63.20092694941014,1920
2,/projetos/ghva/IA-Submarina-OnBoarding/data/raw/tubastraea/images/test/20240602-204841-ic_SOLjub24-080.jpg,JPEG,700,255,47.22113913690476,0,RGB,False,63.70500293789686,1920
2,/projetos/ghva/IA-Submarina-OnBoarding/data/raw/tubastraea/images/test/20240602-205149-ic_SOLjub24-080.jpg,JPEG,700,255,48.410100694444445,0,RGB,False,53.415051201890414,1920
2,/projetos/ghva/IA-Submarina-OnBoarding/data/raw/tubastraea/images/test/20240602-205154-ic_SOLjub24-080.jpg,JPEG,700,255,51.985909722222225,0,RGB,False,52.62078024664457,1920
2,/projetos/ghva/IA-Submarina-OnBoarding/data/raw/tubastraea/images/test/20240602-205158-ic_SOLjub24-080.jpg,JPEG,700,255,50.86238368055555,0,RGB,False,54.57039114096934,1920
2,/projetos/ghva/IA-Submarina-OnBoarding/data/raw/tubastraea/images/test/20240602-205215-ic_SOLjub24-080.jpg,JPEG,700,255,45.09251413690476,0,RGB,False,53.56610424718033,1920
2,/projetos/ghva/IA-Submarina-OnBoarding/data/raw/tubastraea/images/test/20240602-205226-ic_SOLjub24-080.jpg,JPEG,700,255,47.58229811507937,0,RGB,False,51.54814959841191,1920
2,/projetos/ghva/IA-Submarina-OnBoarding/data/raw/tubastraea/images/test/20240602-205312-ic_SOLjub24-080.jpg,JPEG,700,255,52.37707886904762,0,RGB,False,47.43211876873726,1920
2,/projetos/ghva/IA-Submarina-OnBoarding/data/raw/tubastraea/images/test/20240602-205343-ic_SOLjub24-080.jpg,JPEG,700,255,55.731345982142855,0,RGB,False,46.32034917707068,1920
2,/projetos/ghva/IA-Submarina-OnBoarding/data/raw/tubastraea/images/test/20240602-205400-ic_SOLjub24-080.jpg,JPEG,700,255,48.90339384920635,0,RGB,False,51.36324088756327,1920
2,/projetos/ghva/IA-Submarina-OnBoarding/data/raw/tubastraea/images/test/20240602-205436-ic_SOLjub24-080.jpg,JPEG,700,255,51.040409970238095,0,RGB,False,50.814349252947984,1920
2,/projetos/ghva/IA-Submarina-OnBoarding/data/raw/tubastraea/images/test/20240602-205503-ic_SOLjub24-080.jpg,JPEG,700,255,52.70685243055556,0,RGB,False,49.421926939058054,1920
2,/projetos/ghva/IA-Submarina-OnBoarding/data/raw/tubastraea/images/test/20240602-205525-ic_SOLjub24-080.jpg,JPEG,700,255,54.95456398809524,0,RGB,False,49.26479580499357,1920
2,/projetos/ghva/IA-Submarina-OnBoarding/data/raw/tubastraea/images/test/20240602-205528-ic_SOLjub24-080.jpg,JPEG,700,255,58.794058035714286,0,RGB,False,42.23542217758049,1920
2,/projetos/ghva/IA-Submarina-OnBoarding/data/raw/tubastraea/images/test/20240602-205533-ic_SOLjub24-080.jpg,JPEG,700,255,58.45224454365079,0,RGB,False,45.35994810441736,1920
2,/projetos/ghva/IA-Submarina-OnBoarding/data/raw/tubastraea/images/test/20240602-205602-ic_SOLjub24-080.jpg,JPEG,700,255,57.32619171626984,0,RGB,False,44.84987390165104,1920
2,/projetos/ghva/IA-Submarina-OnBoarding/data/raw/tubastraea/images/test/20240602-205654-ic_SOLjub24-080.jpg,JPEG,700,255,53.667918898809525,0,RGB,False,49.282314057262575,1920
2,/projetos/ghva/IA-Submarina-OnBoarding/data/raw/tubastraea/images/test/20240602-205707-ic_SOLjub24-080.jpg,JPEG,700,255,51.62884275793651,0,RGB,False,47.09320536244693,1920
2,/projetos/ghva/IA-Submarina-OnBoarding/data/raw/tubastraea/images/test/20240602-205713-ic_SOLjub24-080.jpg,JPEG,700,255,53.660082589285715,0,RGB,False,51.66674930439939,1920
2,/projetos/ghva/IA-Submarina-OnBoarding/data/raw/tubastraea/images/test/20240602-205727-ic_SOLjub24-080.jpg,JPEG,700,255,55.519055803571426,0,RGB,False,46.836205173465466,1920
2,/projetos/ghva/IA-Submarina-OnBoarding/data/raw/tubastraea/images/test/20240602-205744-ic_SOLjub24-080.jpg,JPEG,700,255,54.87180406746032,0,RGB,False,49.8016612635804,1920
4,/projetos/ghva/IA-Submarina-OnBoarding/data/raw/tubastraea/images/test/20240602-205825-ic_SOLjub24-080.jpg,JPEG,700,255,46.72622544642857,0,RGB,False,45.30530112080257,1920
2,/projetos/ghva/IA-Submarina-OnBoarding/data/raw/tubastraea/images/test/20240603-023111-ic_SOLjub24-079.jpg,JPEG,700,255,37.26436334325397,0,RGB,False,58.73141931074786,1920
2,/projetos/ghva/IA-Submarina-OnBoarding/data/raw/tubastraea/images/test/20240603-023117-ic_SOLjub24-079.jpg,JPEG,700,255,37.67448387896825,0,RGB,False,63.12842200624847,1920
2,/projetos/ghva/IA-Submarina-OnBoarding/data/raw/tubastraea/images/test/20240603-023130-ic_SOLjub24-079.jpg,JPEG,700,255,40.40678447420635,0,RGB,False,57.627628678919564,1920
2,/projetos/ghva/IA-Submarina-OnBoarding/data/raw/tubastraea/images/test/20240603-023234-ic_SOLjub24-079.jpg,JPEG,700,255,49.7626599702381,0,RGB,False,51.595950288069346,1920
2,/projetos/ghva/IA-Submarina-OnBoarding/data/raw/tubastraea/images/test/CHImxl24-114__20240624-190427-ic.jpg,JPEG,780,253,42.370564236111115,0,RGB,False,53.08250275951788,1920
1,/projetos/ghva/IA-Submarina-OnBoarding/data/raw/tubastraea/images/test/CHImxl24-114__20240625-101410-ic.jpg,JPEG,780,255,126.73046852742165,0,RGB,False,98.22927465710154,1920
1,/projetos/ghva/IA-Submarina-OnBoarding/data/raw/tubastraea/images/test/CHImxl24-114__20240625-101423-ic.jpg,JPEG,780,255,128.37589654558406,0,RGB,False,97.04190668100867,1920
1,/projetos/ghva/IA-Submarina-OnBoarding/data/raw/tubastraea/images/test/CHImxl24-114__20240625-101438-ic.jpg,JPEG,780,255,129.98901308760685,0,RGB,False,98.04239225350013,1920
1,/projetos/ghva/IA-Submarina-OnBoarding/data/raw/tubastraea/images/test/CHImxl24-114__20240625-101515-ic.jpg,JPEG,780,255,126.1714100338319,0,RGB,False,95.17300413387737,1920
1,/projetos/ghva/IA-Submarina-OnBoarding/data/raw/tubastraea/images/test/CHImxl24-114__20240625-101555-ic.jpg,JPEG,780,255,135.29181290064102,0,RGB,False,101.24860564493741,1920
2,/projetos/ghva/IA-Submarina-OnBoarding/data/raw/tubastraea/images/test/CMsph24_010__20240318-133739.jpg,JPEG,850,255,63.463262663398694,0,RGB,False,45.437328858543964,1920
3,/projetos/ghva/IA-Submarina-OnBoarding/data/raw/tubastraea/images/test/CMsph24_010__20240318-133815.jpg,JPEG,850,255,61.29761662581699,0,RGB,False,49.328580708466404,1920
1,/projetos/ghva/IA-Submarina-OnBoarding/data/raw/tubastraea/images/test/DO_AZdo24_002__20240304-073907.jpg,JPEG,840,255,129.08208581349206,0,RGB,False,45.648988965249984,1920
4,/projetos/ghva/IA-Submarina-OnBoarding/data/raw/tubastraea/images/test/DO_AZdo24_002__20240304-205637.jpg,JPEG,840,255,103.93407552083333,0,RGB,False,44.974193463564916,1920
4,/projetos/ghva/IA-Submarina-OnBoarding/data/raw/tubastraea/images/test/DO_AZdo24_002__20240304-205730.jpg,JPEG,840,255,102.53946283895503,0,RGB,False,43.34271349722728,1920
0,/projetos/ghva/IA-Submarina-OnBoarding/data/raw/tubastraea/images/test/P-76_BGbuz23_169_00002_BGbuz23_169.jpg,JPEG,270,255,116.93853395061728,0,RGB,False,72.047860245994,720
0,/projetos/ghva/IA-Submarina-OnBoarding/data/raw/tubastraea/images/test/P75_WBbuz23_091_00029_WBbuz23-091.jpg,JPEG,270,255,97.1423988340192,0,RGB,False,90.43288628869192,720
0,/projetos/ghva/IA-Submarina-OnBoarding/data/raw/tubastraea/images/test/P75_WBbuz23_091_00030_WBbuz23-091.jpg,JPEG,270,255,96.26605281207134,0,RGB,False,89.7468018228925,720
0,/projetos/ghva/IA-Submarina-OnBoarding/data/raw/tubastraea/images/test/P75_WBbuz23_091_00035_WBbuz23-091.jpg,JPEG,270,255,93.12689814814814,0,RGB,False,89.23678643303815,720
0,/projetos/ghva/IA-Submarina-OnBoarding/data/raw/tubastraea/images/test/P75_WBbuz23_091_00040_WBbuz23-091.jpg,JPEG,270,255,98.43645404663923,0,RGB,False,100.95608855250524,720
2,/projetos/ghva/IA-Submarina-OnBoarding/data/raw/tubastraea/images/test/P75_WBbuz23_091_00042_WBbuz23-091.jpg,JPEG,270,255,94.10794238683127,0,RGB,False,81.04569568317828,720
1,/projetos/ghva/IA-Submarina-OnBoarding/data/raw/tubastraea/images/test/SEAL_MON4_GUARICEMA_ANM_GA54_ANALISE_00005.jpg,JPEG,1080,255,118.10431632587449,0,RGB,False,51.96814408615386,1920
1,/projetos/ghva/IA-Submarina-OnBoarding/data/raw/tubastraea/images/test/SEAL_MON4_GUARICEMA_ANM_GA54_ANALISE_00011.jpg,JPEG,1080,255,126.09269466949588,0,RGB,False,40.921731900294674,1920
1,/projetos/ghva/IA-Submarina-OnBoarding/data/raw/tubastraea/images/test/SEAL_MON4_GUARICEMA_ANM_GA54_ANALISE_00013.jpg,JPEG,1080,255,115.00203864454733,0,RGB,False,76.56663588617586,1920
1,/projetos/ghva/IA-Submarina-OnBoarding/data/raw/tubastraea/images/test/SEAL_MON4_GUARICEMA_ANM_GA54_ANALISE_00015.jpg,JPEG,1080,255,125.26442997685186,0,RGB,False,69.19652756484015,1920
1,/projetos/ghva/IA-Submarina-OnBoarding/data/raw/tubastraea/images/test/SEAL_MON4_GUARICEMA_ANM_GA54_ANALISE_00017.jpg,JPEG,1080,255,126.59697000385802,0,RGB,False,71.1625488907583,1920
1,/projetos/ghva/IA-Submarina-OnBoarding/data/raw/tubastraea/images/test/SEAL_MON4_GUARICEMA_PGA5_00020.jpg,JPEG,1080,255,113.7767332175926,0,RGB,False,48.838561478835146,1920
0,/projetos/ghva/IA-Submarina-OnBoarding/data/raw/tubastraea/images/test/SKCro24-023__20240206-170200-SKCro24_023_FLEXIVEL_GL_P52_1_ARO_AGL8_ESDV_2_Tubastraea_R_SUSPENSO.jpg,JPEG,770,244,30.144758973665223,0,RGB,False,34.33594669513301,1920
0,/projetos/ghva/IA-Submarina-OnBoarding/data/raw/tubastraea/images/test/SKCro24-023__20240206-170200-SKCro24_023_FLEXIVEL_GL_P52_1_ARO_AGL8_ESDV_2_Tubastraea_S_SUSPENSO.jpg,JPEG,770,235,23.7041580988456,0,RGB,False,41.604177151863766,1920
0,/projetos/ghva/IA-Submarina-OnBoarding/data/raw/tubastraea/images/test/SKCro24-023__20240206-170200-SKCro24_023_Tubastraea_R_SUSPENSO.jpg,JPEG,770,244,30.144758973665223,0,RGB,False,34.33594669513301,1920
0,/projetos/ghva/IA-Submarina-OnBoarding/data/raw/tubastraea/images/test/SKCro24-023__20240206-170200-SKCro24_023_Tubastraea_S_SUSPENSO.jpg,JPEG,770,235,23.7041580988456,0,RGB,False,41.604177151863766,1920
0,/projetos/ghva/IA-Submarina-OnBoarding/data/raw/tubastraea/images/test/SKCro24-023__20240206-170202.jpg,JPEG,770,234,23.41682877886003,0,RGB,False,38.34148403405868,1920
0,/projetos/ghva/IA-Submarina-OnBoarding/data/raw/tubastraea/images/test/SKCro24-023__20240206-170210.jpg,JPEG,770,240,25.31832454004329,0,RGB,False,44.04391304805886,1920
0,/projetos/ghva/IA-Submarina-OnBoarding/data/raw/tubastraea/images/test/SKCro24-023__20240206-170236.jpg,JPEG,770,244,28.209656836219335,0,RGB,False,48.140200276540476,1920
0,/projetos/ghva/IA-Submarina-OnBoarding/data/raw/tubastraea/images/test/SKCro24-023__20240206-170304.jpg,JPEG,770,238,29.793203237734488,0,RGB,False,44.61260908695394,1920
0,/projetos/ghva/IA-Submarina-OnBoarding/data/raw/tubastraea/images/test/SKCro24-023__20240206-170324.jpg,JPEG,770,235,27.89630275974026,0,RGB,False,41.10188222175431,1920
0,/projetos/ghva/IA-Submarina-OnBoarding/data/raw/tubastraea/images/test/SKCro24-023__20240206-170339.jpg,JPEG,770,241,26.353210903679653,0,RGB,False,36.56040170337689,1920
0,/projetos/ghva/IA-Submarina-OnBoarding/data/raw/tubastraea/images/test/SKCro24-023__20240206-170705.jpg,JPEG,770,242,26.335118596681095,0,RGB,False,31.31999584162911,1920
0,/projetos/ghva/IA-Submarina-OnBoarding/data/raw/tubastraea/images/test/SKCro24-023__20240206-170749.jpg,JPEG,770,238,34.369045138888886,0,RGB,False,41.12258759480562,1920
0,/projetos/ghva/IA-Submarina-OnBoarding/data/raw/tubastraea/images/test/SKCro24-023__20240206-170852.jpg,JPEG,770,218,32.274933035714284,0,RGB,False,29.56647750978014,1920
2,/projetos/ghva/IA-Submarina-OnBoarding/data/raw/tubastraea/images/test/SKCro24-024__20240207-002305.jpg,JPEG,770,243,20.31918538059163,0,RGB,False,47.52885175991502,1920
0,/projetos/ghva/IA-Submarina-OnBoarding/data/raw/tubastraea/images/test/SKCro24-024__20240207-002320-SKCro24_024_UMBILICAL_UEH_P52.jpg,JPEG,770,244,21.949148178210677,0,RGB,False,47.23292428194823,1920
0,/projetos/ghva/IA-Submarina-OnBoarding/data/raw/tubastraea/images/test/SKCro24-024__20240207-002404.jpg,JPEG,770,246,30.5052647005772,0,RGB,False,63.554696210541685,1920
0,/projetos/ghva/IA-Submarina-OnBoarding/data/raw/tubastraea/images/test/SKCro24-024__20240207-002434.jpg,JPEG,770,238,22.929413555194806,0,RGB,False,52.254176750160354,1920
2,/projetos/ghva/IA-Submarina-OnBoarding/data/raw/tubastraea/images/test/STRro24_065__20240228-091045-STRro24_065_FLEXIVEL_GL_P54 7_RO_62HP_RJS_Tubastraea_R_SUSPENSO.jpg,JPEG,750,255,71.53975300925926,0,RGB,False,48.40974663947597,1920
3,/projetos/ghva/IA-Submarina-OnBoarding/data/raw/tubastraea/images/test/STRro24_065__20240228-091119-STRro24_065_FLEXIVEL_GL_P54 7_RO_62HP_RJS_Tubastraea_R_SUSPENSO.jpg,JPEG,750,254,86.08209930555556,0,RGB,False,44.579547074223576,1920
2,/projetos/ghva/IA-Submarina-OnBoarding/data/raw/tubastraea/images/test/STRro24_065__20240228-091227-STRro24_065_FLEXIVEL_GL_P54 7_RO_62HP_RJS_Tubastraea_R_SUSPENSO.jpg,JPEG,750,255,94.17527731481482,4,RGB,False,52.55135221849711,1920
3,/projetos/ghva/IA-Submarina-OnBoarding/data/raw/tubastraea/images/test/STRro24_065__20240228-091245-STRro24_065_FLEXIVEL_GL_P54 7_RO_62HP_RJS_Tubastraea_R_SUSPENSO.jpg,JPEG,750,255,101.00275787037037,4,RGB,False,52.157905878542444,1920
3,/projetos/ghva/IA-Submarina-OnBoarding/data/raw/tubastraea/images/test/STRro24_065__20240228-091245.jpg,JPEG,750,255,90.47229930555555,0,RGB,False,46.68007538797558,1920
3,/projetos/ghva/IA-Submarina-OnBoarding/data/raw/tubastraea/images/test/STRro24_065__20240228-091416-STRro24_065_FLEXIVEL_GL_P54 7_RO_62HP_RJS_Tubastraea_R_SUSPENSO.jpg,JPEG,750,255,106.8426212962963,0,RGB,False,60.29324306853462,1920
1,/projetos/ghva/IA-Submarina-OnBoarding/data/raw/tubastraea/images/test/SUB8xa24_085__20240321-124202.jpg,JPEG,860,255,149.39560400516797,4,RGB,False,80.65996586335956,1920
2,/projetos/ghva/IA-Submarina-OnBoarding/data/raw/tubastraea/images/test/SUB9srr24_064__20240327-185116.jpg,JPEG,820,255,37.623875973915986,0,RGB,False,63.40607204617226,1920
4,/projetos/ghva/IA-Submarina-OnBoarding/data/raw/tubastraea/images/train/1_SKCgp22-304_FLEXVEL_UEH_PGP-1MSP-VL-02_0_R_SUSPENSO_GP_SKCgp22_304.jpg,JPEG,720,255,56.35103515625,0,RGB,False,82.77671546242296,1920
4,/projetos/ghva/IA-Submarina-OnBoarding/data/raw/tubastraea/images/train/20200707-235434_VL_AAvl20_116.jpg,JPEG,730,255,93.23279180936073,0,RGB,False,66.01410156110467,1920
4,/projetos/ghva/IA-Submarina-OnBoarding/data/raw/tubastraea/images/train/20200707-235502_VL_AAvl20_116.jpg,JPEG,730,255,88.77919211377473,0,RGB,False,62.712529064521675,1920
4,/projetos/ghva/IA-Submarina-OnBoarding/data/raw/tubastraea/images/train/20200707-235507_VL_AAvl20_116.jpg,JPEG,730,255,93.00851122526636,0,RGB,False,61.89138207214549,1920
4,/projetos/ghva/IA-Submarina-OnBoarding/data/raw/tubastraea/images/train/20200707-235536_VL_AAvl20_116.jpg,JPEG,730,255,90.11820942732116,0,RGB,False,59.36598767891693,1920
4,/projetos/ghva/IA-Submarina-OnBoarding/data/raw/tubastraea/images/train/20200707-235915_VL_AAvl20_116.jpg,JPEG,730,255,97.30397046232876,0,RGB,False,51.87022614175172,1920
1,/projetos/ghva/IA-Submarina-OnBoarding/data/raw/tubastraea/images/train/20220412-000346_KL_PGP1_PNA1.jpg,JPEG,340,255,61.85444716775599,0,RGB,False,76.14937302132422,720
1,/projetos/ghva/IA-Submarina-OnBoarding/data/raw/tubastraea/images/train/20220412-000534_KL_PGP1_PNA1.jpg,JPEG,340,255,68.84842320261438,0,RGB,False,73.74906835176537,720
4,/projetos/ghva/IA-Submarina-OnBoarding/data/raw/tubastraea/images/train/20220412-000737_KL_PGP1_PNA1.jpg,JPEG,340,255,57.005367647058826,0,RGB,True,76.65645346898894,720
4,/projetos/ghva/IA-Submarina-OnBoarding/data/raw/tubastraea/images/train/20220413-000001-NA_RIGIDO_KL_PNA1_PNA2_Tubastraea_R_SUSPENSO_KL_PNA1_PNA2.jpg,JPEG,340,255,44.57331427015251,0,RGB,False,60.29878667586987,720
4,/projetos/ghva/IA-Submarina-OnBoarding/data/raw/tubastraea/images/train/20220413-000010_KL_PNA1_PNA2.jpg,JPEG,340,255,52.72367510893246,0,RGB,False,60.51625294346225,720
1,/projetos/ghva/IA-Submarina-OnBoarding/data/raw/tubastraea/images/train/20220413-000346_KL_PNA1_PNA2.jpg,JPEG,340,255,91.10973720043573,0,RGB,False,69.57697686485925,720
1,/projetos/ghva/IA-Submarina-OnBoarding/data/raw/tubastraea/images/train/20220413-000427_KL_PNA1_PNA2.jpg,JPEG,340,255,91.57330746187364,0,RGB,False,81.90927678409035,720
3,/projetos/ghva/IA-Submarina-OnBoarding/data/raw/tubastraea/images/train/20220724-000632_O_PNA-2PNA-1 B 10.jpg,JPEG,410,255,60.271216124661244,0,RGB,False,77.00826411170137,720
4,/projetos/ghva/IA-Submarina-OnBoarding/data/raw/tubastraea/images/train/20220727-214850-SKCgp22-304_FLEXVEL_UEH_PGP-1MSP-VL-02_Tubastraea_S_SUSPENSO_GP_SKCgp22_304.jpg,JPEG,720,255,53.18243947723766,0,RGB,False,81.8125470492015,1920
4,/projetos/ghva/IA-Submarina-OnBoarding/data/raw/tubastraea/images/train/20220814-153934_CH_SKCch22_343.jpg,JPEG,720,239,103.99464819637346,36,RGB,False,36.40158863225543,1920
4,/projetos/ghva/IA-Submarina-OnBoarding/data/raw/tubastraea/images/train/20220814-153951_CH_SKCch22_343.jpg,JPEG,720,250,112.3306428433642,34,RGB,False,44.808889014180345,1920
4,/projetos/ghva/IA-Submarina-OnBoarding/data/raw/tubastraea/images/train/20220814-154114_CH_SKCch22_343.jpg,JPEG,720,255,108.54475043402778,22,RGB,False,52.39786931563542,1920
4,/projetos/ghva/IA-Submarina-OnBoarding/data/raw/tubastraea/images/train/20220818-154435_CH_SKCch22_343.jpg,JPEG,720,251,106.66702642746914,37,RGB,False,50.596147099403446,1920
4,/projetos/ghva/IA-Submarina-OnBoarding/data/raw/tubastraea/images/train/20220818-154447_CH_SKCch22_343.jpg,JPEG,720,255,100.61711347415124,30,RGB,False,57.52842822645643,1920
4,/projetos/ghva/IA-Submarina-OnBoarding/data/raw/tubastraea/images/train/20220818-154748_CH_SKCch22_343.jpg,JPEG,720,255,97.90091724537037,0,RGB,False,56.905517651334804,1920
4,/projetos/ghva/IA-Submarina-OnBoarding/data/raw/tubastraea/images/train/20220818-154753_CH_SKCch22_343.jpg,JPEG,720,255,101.63464650848765,8,RGB,False,56.74024894085522,1920
4,/projetos/ghva/IA-Submarina-OnBoarding/data/raw/tubastraea/images/train/20220818-154817_CH_SKCch22_343.jpg,JPEG,720,255,111.08865716628087,0,RGB,False,58.56151461354468,1920
4,/projetos/ghva/IA-Submarina-OnBoarding/data/raw/tubastraea/images/train/20220818-154941_CH_SKCch22_343.jpg,JPEG,720,255,117.23377580054013,0,RGB,False,64.88458925139487,1920
4,/projetos/ghva/IA-Submarina-OnBoarding/data/raw/tubastraea/images/train/20220818-155058_CH_SKCch22_343.jpg,JPEG,720,255,120.63337046682099,8,RGB,False,46.36141705918855,1920
2,/projetos/ghva/IA-Submarina-OnBoarding/data/raw/tubastraea/images/train/20230707-093039_GP_BBgp23_113.jpg,JPEG,630,255,71.29549548059964,0,RGB,False,74.05961790686536,1920
2,/projetos/ghva/IA-Submarina-OnBoarding/data/raw/tubastraea/images/train/20230707-094121_GP_BBgp23_113.jpg,JPEG,630,255,86.74678185626102,0,RGB,False,69.96029837812542,1920
4,/projetos/ghva/IA-Submarina-OnBoarding/data/raw/tubastraea/images/train/20230707-095659_GP_BBgp23_113.jpg,JPEG,630,255,101.08519179894179,0,RGB,True,65.42994541674588,1920
4,/projetos/ghva/IA-Submarina-OnBoarding/data/raw/tubastraea/images/train/20230707-101804_GP_BBgp23_113.jpg,JPEG,630,255,88.78796737213403,0,RGB,False,71.73041343060656,1920
4,/projetos/ghva/IA-Submarina-OnBoarding/data/raw/tubastraea/images/train/20230710-092741_SKCna23_414.jpg,JPEG,720,255,67.90305097415123,0,RGB,False,50.24266676353647,1920
4,/projetos/ghva/IA-Submarina-OnBoarding/data/raw/tubastraea/images/train/20230710-092802_SKCna23_414.jpg,JPEG,720,255,71.37264250578704,0,RGB,False,49.63917376452479,1920
3,/projetos/ghva/IA-Submarina-OnBoarding/data/raw/tubastraea/images/train/20230710-092850_SKCna23_414.jpg,JPEG,720,255,82.4371785783179,0,RGB,False,50.73822106469665,1920
1,/projetos/ghva/IA-Submarina-OnBoarding/data/raw/tubastraea/images/train/20230710-093052_SKCna23_414.jpg,JPEG,720,235,104.75663363233025,0,RGB,False,63.69396565303564,1920
1,/projetos/ghva/IA-Submarina-OnBoarding/data/raw/tubastraea/images/train/20230710-093126_SKCna23_414.jpg,JPEG,720,255,106.14554615162037,0,RGB,False,60.690291512734525,1920
1,/projetos/ghva/IA-Submarina-OnBoarding/data/raw/tubastraea/images/train/20230710-093208_SKCna23_414.jpg,JPEG,720,248,109.4198722029321,0,RGB,False,67.79371984759771,1920
0,/projetos/ghva/IA-Submarina-OnBoarding/data/raw/tubastraea/images/train/20230717-005126_CH_BBch23_119.jpg,JPEG,630,255,83.24587907848324,0,RGB,False,76.21805075473196,1920
4,/projetos/ghva/IA-Submarina-OnBoarding/data/raw/tubastraea/images/train/20230717-005338_CH_BBch23_119.jpg,JPEG,630,255,102.90073660714286,0,RGB,False,73.116171759467,1920
4,/projetos/ghva/IA-Submarina-OnBoarding/data/raw/tubastraea/images/train/20230717-010410_CH_BBch23_119.jpg,JPEG,630,255,86.41440448633156,0,RGB,False,74.77116302950346,1920
4,/projetos/ghva/IA-Submarina-OnBoarding/data/raw/tubastraea/images/train/20230717-010735_CH_BBch23_119.jpg,JPEG,630,255,92.19728973765432,0,RGB,False,76.86876274568067,1920
4,/projetos/ghva/IA-Submarina-OnBoarding/data/raw/tubastraea/images/train/20230717-010807_CH_BBch23_119.jpg,JPEG,630,255,94.62891176146384,0,RGB,False,76.46162429252834,1920
1,/projetos/ghva/IA-Submarina-OnBoarding/data/raw/tubastraea/images/train/20230901-010923_BSch23-121.jpg,JPEG,750,255,88.23044560185186,0,RGB,False,75.03152742385076,1920
0,/projetos/ghva/IA-Submarina-OnBoarding/data/raw/tubastraea/images/train/20230722-225602_GP_BBgp23_127.jpg,JPEG,620,255,83.81982834901434,0,RGB,False,81.99965522095167,1920
4,/projetos/ghva/IA-Submarina-OnBoarding/data/raw/tubastraea/images/train/20230722-230703-BBgp23-127_RIGIDO_O_PGP1_PONTOA_22_PGP_1_Tubastraea_R_SUSPENSO_GP_BBgp23_127.jpg,JPEG,620,255,93.38115227374551,0,RGB,False,64.00543914232054,1920
4,/projetos/ghva/IA-Submarina-OnBoarding/data/raw/tubastraea/images/train/20230722-232031_GP_BBgp23_127.jpg,JPEG,620,255,71.7637407594086,0,RGB,True,71.38934954805418,1920
4,/projetos/ghva/IA-Submarina-OnBoarding/data/raw/tubastraea/images/train/20230722-232301_GP_BBgp23_127.jpg,JPEG,620,255,116.10805583557348,0,RGB,False,77.96445954849324,1920
4,/projetos/ghva/IA-Submarina-OnBoarding/data/raw/tubastraea/images/train/20230722-233756_GP_BBgp23_127.jpg,JPEG,620,255,87.76668990815412,0,RGB,False,74.9253531744221,1920
4,/projetos/ghva/IA-Submarina-OnBoarding/data/raw/tubastraea/images/train/20230826-044645_GP_SKCgp23_501.jpg,JPEG,720,230,49.329821084104935,0,RGB,False,63.949117401962475,1920
4,/projetos/ghva/IA-Submarina-OnBoarding/data/raw/tubastraea/images/train/20230826-044926_GP_SKCgp23_501.jpg,JPEG,720,227,35.31344328703704,0,RGB,False,51.498435016519856,1920
1,/projetos/ghva/IA-Submarina-OnBoarding/data/raw/tubastraea/images/train/20230901-053806_BSch23-121.jpg,JPEG,750,255,87.41514907407408,0,RGB,False,68.46494073642795,1920
0,/projetos/ghva/IA-Submarina-OnBoarding/data/raw/tubastraea/images/train/20230924-201346-BGtup23_096_COSTADO_PROA_BB_Tubastraea_R_SUSPENSO_BGtup23-096.jpg,JPEG,630,255,72.01852127425045,11,RGB,False,61.22801733887025,1920
3,/projetos/ghva/IA-Submarina-OnBoarding/data/raw/tubastraea/images/train/20231202-044305_CH_CMch23_198.jpg,JPEG,830,255,69.1284172105087,0,RGB,True,56.59778394615902,1920
3,/projetos/ghva/IA-Submarina-OnBoarding/data/raw/tubastraea/images/train/20231202-050850_CH_CMch23_198.jpg,JPEG,830,252,58.71808546686747,0,RGB,False,27.00126886163149,1920
0,/projetos/ghva/IA-Submarina-OnBoarding/data/raw/tubastraea/images/train/20231202-051028_CH_CMch23_198.jpg,JPEG,830,255,47.199470799866134,0,RGB,False,34.54718718953207,1920
2,/projetos/ghva/IA-Submarina-OnBoarding/data/raw/tubastraea/images/train/20231204-063255_CMna23_201.jpg,JPEG,830,255,58.71992197958501,0,RGB,False,43.18548711246446,1920
4,/projetos/ghva/IA-Submarina-OnBoarding/data/raw/tubastraea/images/train/20231208-052504_GP_CMgp23_206.jpg,JPEG,830,255,90.24537734270415,0,RGB,False,57.1581335797493,1920
4,/projetos/ghva/IA-Submarina-OnBoarding/data/raw/tubastraea/images/train/20231208-055053_GP_CMgp23_206.jpg,JPEG,830,255,75.30156647423026,0,RGB,False,66.37035621577964,1920
3,/projetos/ghva/IA-Submarina-OnBoarding/data/raw/tubastraea/images/train/20231226-080137-SKCch23_699_FLEXIVEL_CEO_PCH1_PCH2_Tubastraea_S_SUSPENSO_CH_SKCch23_699.jpg,JPEG,720,255,117.42425805362655,0,RGB,False,77.70038849231968,1920
3,/projetos/ghva/IA-Submarina-OnBoarding/data/raw/tubastraea/images/train/20231226-080138_CH_SKCch23_699.jpg,JPEG,720,255,116.45330054012345,0,RGB,False,76.41217044146548,1920
3,/projetos/ghva/IA-Submarina-OnBoarding/data/raw/tubastraea/images/train/20231226-080152_CH_SKCch23_699.jpg,JPEG,720,255,118.0829525945216,0,RGB,False,83.29448189473325,1920
4,/projetos/ghva/IA-Submarina-OnBoarding/data/raw/tubastraea/images/train/20231226-080218_CH_SKCch23_699.jpg,JPEG,720,255,122.29991777584877,0,RGB,False,81.62159869866053,1920
1,/projetos/ghva/IA-Submarina-OnBoarding/data/raw/tubastraea/images/train/20231226-080223_CH_SKCch23_699.jpg,JPEG,720,255,123.22511260609568,0,RGB,False,83.87789161267862,1920
4,/projetos/ghva/IA-Submarina-OnBoarding/data/raw/tubastraea/images/train/20231226-080301_CH_SKCch23_699.jpg,JPEG,720,255,120.44009186921296,0,RGB,False,77.24472415174874,1920
4,/projetos/ghva/IA-Submarina-OnBoarding/data/raw/tubastraea/images/train/20231226-080305_CH_SKCch23_699.jpg,JPEG,720,255,122.04362244405864,0,RGB,False,77.01834499434798,1920
1,/projetos/ghva/IA-Submarina-OnBoarding/data/raw/tubastraea/images/train/20231226-080316_CH_SKCch23_699.jpg,JPEG,720,255,113.83788845486112,0,RGB,True,70.76962485262821,1920
4,/projetos/ghva/IA-Submarina-OnBoarding/data/raw/tubastraea/images/train/20231226-080321_CH_SKCch23_699.jpg,JPEG,720,255,123.17559919945988,0,RGB,False,77.81912449143137,1920
3,/projetos/ghva/IA-Submarina-OnBoarding/data/raw/tubastraea/images/train/20231226-080331_CH_SKCch23_699.jpg,JPEG,720,255,123.49123312114197,0,RGB,False,82.9915776692846,1920
1,/projetos/ghva/IA-Submarina-OnBoarding/data/raw/tubastraea/images/train/20231226-080339_CH_SKCch23_699.jpg,JPEG,720,255,115.89951437114198,0,RGB,False,70.33210855219986,1920
1,/projetos/ghva/IA-Submarina-OnBoarding/data/raw/tubastraea/images/train/20231226-080352_CH_SKCch23_699.jpg,JPEG,720,255,120.49305869020061,0,RGB,False,75.00080649672555,1920
1,/projetos/ghva/IA-Submarina-OnBoarding/data/raw/tubastraea/images/train/20231226-080435-SKCch23_699_FLEXIVEL_CEO_PCH1_PCH2_Tubastraea_R_SUSPENSO_CH_SKCch23_699.jpg,JPEG,720,255,116.62808979552469,0,RGB,False,77.45004065200571,1920
1,/projetos/ghva/IA-Submarina-OnBoarding/data/raw/tubastraea/images/train/20231226-080435-SKCch23_699_FLEXIVEL_CEO_PCH1_PCH2_Tubastraea_S_SUSPENSO_CH_SKCch23_699.jpg,JPEG,720,255,113.95471137152778,0,RGB,False,68.02962238472718,1920
4,/projetos/ghva/IA-Submarina-OnBoarding/data/raw/tubastraea/images/train/20231226-080437_CH_SKCch23_699.jpg,JPEG,720,255,114.42877435378087,0,RGB,False,67.00427480127648,1920
1,/projetos/ghva/IA-Submarina-OnBoarding/data/raw/tubastraea/images/train/20231226-080445_CH_SKCch23_699.jpg,JPEG,720,255,110.13177999614197,0,RGB,False,66.2802643425951,1920
1,/projetos/ghva/IA-Submarina-OnBoarding/data/raw/tubastraea/images/train/20231226-080453_CH_SKCch23_699.jpg,JPEG,720,255,113.58563295717593,0,RGB,False,65.47243988866644,1920
1,/projetos/ghva/IA-Submarina-OnBoarding/data/raw/tubastraea/images/train/20231226-080816_CH_SKCch23_699.jpg,JPEG,720,255,117.89289689429012,0,RGB,False,73.06976811271464,1920
1,/projetos/ghva/IA-Submarina-OnBoarding/data/raw/tubastraea/images/train/20231226-081008_CH_SKCch23_699.jpg,JPEG,720,255,119.98821011766975,0,RGB,False,83.12078443335452,1920
2,/projetos/ghva/IA-Submarina-OnBoarding/data/raw/tubastraea/images/train/20240103-022412-PDTna24_002_RIGIDO_GA_PNA1_PGP1_12_PNA1_Tubastraea_R_SUSPENSO_PDTna24_002.jpg,JPEG,750,255,67.32865856481482,9,RGB,False,40.26685707485329,1920
4,/projetos/ghva/IA-Submarina-OnBoarding/data/raw/tubastraea/images/train/20240103-022910_PDTna24_002.jpg,JPEG,750,255,69.64018032407408,0,RGB,True,57.17905280810707,1920
2,/projetos/ghva/IA-Submarina-OnBoarding/data/raw/tubastraea/images/train/20240103-022412-PDTna24_002_RIGIDO_GA_PNA1_PGP1_12_PNA1_Tubastraea_S_SUSPENSO_PDTna24_002.jpg,JPEG,750,255,60.81530277777778,6,RGB,True,40.604422274333615,1920
2,/projetos/ghva/IA-Submarina-OnBoarding/data/raw/tubastraea/images/train/20240103-023608_PDTna24_002.jpg,JPEG,750,255,65.3513826388889,6,RGB,False,39.09612407272115,1920
4,/projetos/ghva/IA-Submarina-OnBoarding/data/raw/tubastraea/images/train/20240103-025318_PDTna24_002.jpg,JPEG,750,239,73.17148865740741,18,RGB,False,31.968080959062828,1920
3,/projetos/ghva/IA-Submarina-OnBoarding/data/raw/tubastraea/images/train/20240103-030029_PDTna24_002.jpg,JPEG,750,255,60.74334351851852,0,RGB,True,48.83144755693885,1920
4,/projetos/ghva/IA-Submarina-OnBoarding/data/raw/tubastraea/images/train/20240103-033404_PDTna24_002.jpg,JPEG,750,255,54.16681712962963,0,RGB,False,52.571966299195815,1920
4,/projetos/ghva/IA-Submarina-OnBoarding/data/raw/tubastraea/images/train/20240103-033437_PDTna24_002.jpg,JPEG,750,255,47.77466990740741,0,RGB,False,50.26255139871664,1920
4,/projetos/ghva/IA-Submarina-OnBoarding/data/raw/tubastraea/images/train/20240103-052553_PDTna24_002.jpg,JPEG,750,241,58.86300023148148,0,RGB,False,42.376067268308894,1920
3,/projetos/ghva/IA-Submarina-OnBoarding/data/raw/tubastraea/images/train/20240103-052946_PDTna24_002.jpg,JPEG,750,253,60.07479884259259,0,RGB,False,46.315053871142695,1920
4,/projetos/ghva/IA-Submarina-OnBoarding/data/raw/tubastraea/images/train/20240103-054850_PDTna24_002.jpg,JPEG,750,233,63.83470625,0,RGB,False,46.00530863554919,1920
1,/projetos/ghva/IA-Submarina-OnBoarding/data/raw/tubastraea/images/train/20240103-055212_PDTna24_002.jpg,JPEG,750,255,60.87268541666667,0,RGB,False,46.004322738986126,1920
4,/projetos/ghva/IA-Submarina-OnBoarding/data/raw/tubastraea/images/train/20240103-055746_PDTna24_002.jpg,JPEG,750,242,80.26295601851852,0,RGB,False,52.32322871276792,1920
4,/projetos/ghva/IA-Submarina-OnBoarding/data/raw/tubastraea/images/train/20240103-055802_PDTna24_002.jpg,JPEG,750,208,78.57019189814815,0,RGB,False,50.87297904754063,1920
4,/projetos/ghva/IA-Submarina-OnBoarding/data/raw/tubastraea/images/train/20240103-055826_PDTna24_002.jpg,JPEG,750,206,73.93494027777778,0,RGB,False,48.26889376874583,1920
0,/projetos/ghva/IA-Submarina-OnBoarding/data/raw/tubastraea/images/train/20240103-055851_PDTna24_002.jpg,JPEG,750,248,71.8171261574074,0,RGB,False,54.299583242042914,1920
2,/projetos/ghva/IA-Submarina-OnBoarding/data/raw/tubastraea/images/train/20240220-202526_COMmls24_010.jpg,JPEG,700,255,29.53604265873016,0,RGB,False,50.01345470294545,1920
3,/projetos/ghva/IA-Submarina-OnBoarding/data/raw/tubastraea/images/train/20240220-202530_COMmls24_010.jpg,JPEG,700,255,29.57698462301587,0,RGB,False,50.58682926997937,1920
1,/projetos/ghva/IA-Submarina-OnBoarding/data/raw/tubastraea/images/train/20240322-115446_GL_PCH1_MSGL_AN.jpg,JPEG,750,255,118.79366597222223,0,RGB,False,77.35080617454685,1920
4,/projetos/ghva/IA-Submarina-OnBoarding/data/raw/tubastraea/images/train/20240322-115634_GL_PCH1_MSGL_AN.jpg,JPEG,750,255,110.15072546296297,0,RGB,True,83.45251008630709,1920
4,/projetos/ghva/IA-Submarina-OnBoarding/data/raw/tubastraea/images/train/20240322-115645_GL_PCH1_MSGL_AN.jpg,JPEG,750,255,81.16472754629629,0,RGB,False,83.78716330111942,1920
3,/projetos/ghva/IA-Submarina-OnBoarding/data/raw/tubastraea/images/train/20240324-070508-ic_COMco24_025.jpg,JPEG,700,255,43.45995882936508,0,RGB,False,46.2504595094965,1920
3,/projetos/ghva/IA-Submarina-OnBoarding/data/raw/tubastraea/images/train/20240324-070705-ic_COMco24_025.jpg,JPEG,700,255,51.272274305555555,0,RGB,False,44.41432905195207,1920
3,/projetos/ghva/IA-Submarina-OnBoarding/data/raw/tubastraea/images/train/20240324-070850-ic_COMco24_025.jpg,JPEG,700,255,49.065492807539684,0,RGB,False,44.35175341382404,1920
3,/projetos/ghva/IA-Submarina-OnBoarding/data/raw/tubastraea/images/train/20240324-070856-ic_COMco24_025.jpg,JPEG,700,255,51.74617733134921,0,RGB,False,42.66954186502979,1920
3,/projetos/ghva/IA-Submarina-OnBoarding/data/raw/tubastraea/images/train/20240324-070908-ic_COMco24_025.jpg,JPEG,700,255,51.71336755952381,0,RGB,False,41.90421727789975,1920
3,/projetos/ghva/IA-Submarina-OnBoarding/data/raw/tubastraea/images/train/20240324-071254-ic_COMco24_025.jpg,JPEG,700,255,50.531995287698415,0,RGB,False,43.41213820081481,1920
3,/projetos/ghva/IA-Submarina-OnBoarding/data/raw/tubastraea/images/train/20240324-085342-ic_COMco24_025.jpg,JPEG,700,255,60.355460813492066,0,RGB,False,46.13954296899623,1920
3,/projetos/ghva/IA-Submarina-OnBoarding/data/raw/tubastraea/images/train/20240324-085440-ic_COMco24_025.jpg,JPEG,700,255,68.46489484126984,0,RGB,False,52.312402834758835,1920
3,/projetos/ghva/IA-Submarina-OnBoarding/data/raw/tubastraea/images/train/20240324-085533-ic_COMco24_025.jpg,JPEG,700,255,76.9283648313492,0,RGB,False,55.360940013393034,1920
3,/projetos/ghva/IA-Submarina-OnBoarding/data/raw/tubastraea/images/train/20240324-085610-ic_COMco24_025.jpg,JPEG,700,255,83.53471899801588,0,RGB,False,59.799350509657636,1920
3,/projetos/ghva/IA-Submarina-OnBoarding/data/raw/tubastraea/images/train/20240324-085830-ic_COMco24_025.jpg,JPEG,700,255,96.63437698412699,0,RGB,False,65.11294486625147,1920
3,/projetos/ghva/IA-Submarina-OnBoarding/data/raw/tubastraea/images/train/20240324-085846-ic_COMco24_025.jpg,JPEG,700,255,101.24268948412698,0,RGB,False,68.77639584642262,1920
2,/projetos/ghva/IA-Submarina-OnBoarding/data/raw/tubastraea/images/train/20240324-102458-ic_COMco24_025.jpg,JPEG,700,255,52.01702901785714,0,RGB,False,46.182005960615015,1920
3,/projetos/ghva/IA-Submarina-OnBoarding/data/raw/tubastraea/images/train/20240324-102905-ic_COMco24_025.jpg,JPEG,700,255,74.42042881944444,0,RGB,False,51.90546860309985,1920
3,/projetos/ghva/IA-Submarina-OnBoarding/data/raw/tubastraea/images/train/20240324-102915-ic_COMco24_025.jpg,JPEG,700,255,78.27196056547619,0,RGB,False,54.525514606062956,1920
3,/projetos/ghva/IA-Submarina-OnBoarding/data/raw/tubastraea/images/train/20240324-102922-ic_COMco24_025.jpg,JPEG,700,255,82.21339037698412,0,RGB,False,57.103787326647705,1920
3,/projetos/ghva/IA-Submarina-OnBoarding/data/raw/tubastraea/images/train/20240324-102928-ic_COMco24_025.jpg,JPEG,700,255,83.56425768849206,0,RGB,True,57.42528211259719,1920
3,/projetos/ghva/IA-Submarina-OnBoarding/data/raw/tubastraea/images/train/20240324-102950-ic_COMco24_025.jpg,JPEG,700,255,81.94943551587302,0,RGB,False,57.311739113874,1920
3,/projetos/ghva/IA-Submarina-OnBoarding/data/raw/tubastraea/images/train/20240324-102956-ic_COMco24_025.jpg,JPEG,700,255,88.28107142857142,0,RGB,False,60.1810436081391,1920
0,/projetos/ghva/IA-Submarina-OnBoarding/data/raw/tubastraea/images/train/20240324-103004-ic_COMco24_025.jpg,JPEG,700,255,89.44702157738095,0,RGB,False,60.306941423538746,1920
3,/projetos/ghva/IA-Submarina-OnBoarding/data/raw/tubastraea/images/train/20240324-103010-ic_COMco24_025.jpg,JPEG,700,255,90.84115178571429,0,RGB,False,62.46007076415993,1920
3,/projetos/ghva/IA-Submarina-OnBoarding/data/raw/tubastraea/images/train/20240324-103049-ic_COMco24_025.jpg,JPEG,700,255,95.09159722222222,0,RGB,False,64.63317843255211,1920
3,/projetos/ghva/IA-Submarina-OnBoarding/data/raw/tubastraea/images/train/20240324-115224-ic_COMco24_025.jpg,JPEG,700,255,59.17983630952381,0,RGB,False,43.080794420366395,1920
2,/projetos/ghva/IA-Submarina-OnBoarding/data/raw/tubastraea/images/train/20240324-200335-ic_COMco24_025.jpg,JPEG,700,213,14.503719494047619,0,RGB,False,32.906473407488456,1920
2,/projetos/ghva/IA-Submarina-OnBoarding/data/raw/tubastraea/images/train/20240324-200521-ic_COMco24_025.jpg,JPEG,700,217,17.646266121031747,0,RGB,False,40.877687015118234,1920
2,/projetos/ghva/IA-Submarina-OnBoarding/data/raw/tubastraea/images/train/20240324-200547-ic_COMco24_025.jpg,JPEG,700,215,22.170319196428572,0,RGB,False,27.103747417281987,1920
2,/projetos/ghva/IA-Submarina-OnBoarding/data/raw/tubastraea/images/train/20240324-201012-ic_COMco24_025.jpg,JPEG,700,210,16.154268353174604,0,RGB,False,32.16277832231117,1920
2,/projetos/ghva/IA-Submarina-OnBoarding/data/raw/tubastraea/images/train/20240324-201017-ic_COMco24_025.jpg,JPEG,700,211,16.404815972222224,0,RGB,False,33.86621706442608,1920
2,/projetos/ghva/IA-Submarina-OnBoarding/data/raw/tubastraea/images/train/20240324-220247-ic_COMco24_025.jpg,JPEG,700,215,24.394973214285713,0,RGB,False,50.430682808003155,1920
3,/projetos/ghva/IA-Submarina-OnBoarding/data/raw/tubastraea/images/train/20240324-220300-ic_COMco24_025.jpg,JPEG,700,223,22.363215277777776,0,RGB,False,31.601520540246785,1920
3,/projetos/ghva/IA-Submarina-OnBoarding/data/raw/tubastraea/images/train/20240324-220409-ic_COMco24_025.jpg,JPEG,700,213,21.78057316468254,0,RGB,False,29.819056048105445,1920
2,/projetos/ghva/IA-Submarina-OnBoarding/data/raw/tubastraea/images/train/20240324-220448-ic_COMco24_025.jpg,JPEG,700,215,23.233731398809525,0,RGB,False,34.589151215171334,1920
4,/projetos/ghva/IA-Submarina-OnBoarding/data/raw/tubastraea/images/train/20240324-220454-ic_COMco24_025.jpg,JPEG,700,220,18.931643353174604,0,RGB,False,40.13358648160879,1920
3,/projetos/ghva/IA-Submarina-OnBoarding/data/raw/tubastraea/images/train/20240324-220508-ic_COMco24_025.jpg,JPEG,700,213,21.260335317460317,0,RGB,False,32.072862265093484,1920
4,/projetos/ghva/IA-Submarina-OnBoarding/data/raw/tubastraea/images/train/20240324-221013-ic_COMco24_025.jpg,JPEG,700,211,28.413867063492063,0,RGB,False,50.48284801510762,1920
2,/projetos/ghva/IA-Submarina-OnBoarding/data/raw/tubastraea/images/train/20240324-221023-ic_COMco24_025.jpg,JPEG,700,194,20.665540426587302,0,RGB,False,35.0963162924502,1920
3,/projetos/ghva/IA-Submarina-OnBoarding/data/raw/tubastraea/images/train/20240324-221058-ic_COMco24_025.jpg,JPEG,700,216,19.964318204365078,0,RGB,False,39.14251560833496,1920
3,/projetos/ghva/IA-Submarina-OnBoarding/data/raw/tubastraea/images/train/20240324-221226-ic_COMco24_025.jpg,JPEG,700,213,22.05249503968254,0,RGB,False,32.12636301575414,1920
3,/projetos/ghva/IA-Submarina-OnBoarding/data/raw/tubastraea/images/train/20240324-231701-ic_COMco24_025.jpg,JPEG,700,217,22.48073859126984,0,RGB,False,35.59248787992012,1920
3,/projetos/ghva/IA-Submarina-OnBoarding/data/raw/tubastraea/images/train/20240324-231709-ic_COMco24_025.jpg,JPEG,700,213,23.90942286706349,0,RGB,False,37.34194669584023,1920
3,/projetos/ghva/IA-Submarina-OnBoarding/data/raw/tubastraea/images/train/20240324-231713-ic_COMco24_025.jpg,JPEG,700,211,22.356274057539682,0,RGB,False,33.423896796747904,1920
0,/projetos/ghva/IA-Submarina-OnBoarding/data/raw/tubastraea/images/train/AAab24-023__20240205-161113-AAab24_023_TPROFUNDO_AMARRA_09_P25_Tubastraea_R_SUSPENSO.jpg,JPEG,810,255,99.43297989540467,0,RGB,False,86.92819769360769,1920
0,/projetos/ghva/IA-Submarina-OnBoarding/data/raw/tubastraea/images/train/AAab24-023__20240205-161113-AAab24_023_TPROFUNDO_Amarra_09_P25_Tubastraea_S_SUSPENSO.jpg,JPEG,810,255,66.9389866255144,0,RGB,False,60.13061823650761,1920
0,/projetos/ghva/IA-Submarina-OnBoarding/data/raw/tubastraea/images/train/AAab24-023__20240205-161359.jpg,JPEG,810,255,96.01982981824418,0,RGB,False,81.72452520152981,1920
0,/projetos/ghva/IA-Submarina-OnBoarding/data/raw/tubastraea/images/train/AAab24-023__20240205-161402.jpg,JPEG,810,255,98.55329711076817,0,RGB,False,83.81965709386803,1920
0,/projetos/ghva/IA-Submarina-OnBoarding/data/raw/tubastraea/images/train/AAab24-023__20240205-161408.jpg,JPEG,810,255,102.82264038923182,0,RGB,False,87.06656667586664,1920
0,/projetos/ghva/IA-Submarina-OnBoarding/data/raw/tubastraea/images/train/AAab24-024__20240205-165713.jpg,JPEG,810,255,71.48356074245542,0,RGB,False,66.45149083537004,1920
0,/projetos/ghva/IA-Submarina-OnBoarding/data/raw/tubastraea/images/train/AAab24-024__20240205-165716.jpg,JPEG,810,255,70.75807977537723,0,RGB,False,66.33366006734197,1920
0,/projetos/ghva/IA-Submarina-OnBoarding/data/raw/tubastraea/images/train/AAab24-024__20240205-165815.jpg,JPEG,810,255,82.88726830418382,0,RGB,False,74.24652067376458,1920
0,/projetos/ghva/IA-Submarina-OnBoarding/data/raw/tubastraea/images/train/AAab24-024__20240205-165916.jpg,JPEG,810,255,92.56298032407408,0,RGB,False,75.82618701036539,1920
0,/projetos/ghva/IA-Submarina-OnBoarding/data/raw/tubastraea/images/train/AAab24-025__20240205-172606-AAab24_025_TRASO_AMARRA_08_P25_Tubastraea_R.jpg,JPEG,810,255,90.94248971193416,0,RGB,False,82.9773865975869,1920
0,/projetos/ghva/IA-Submarina-OnBoarding/data/raw/tubastraea/images/train/AAab24-025__20240205-172606.jpg,JPEG,810,255,77.98260716735254,0,RGB,False,74.75626541411523,1920
0,/projetos/ghva/IA-Submarina-OnBoarding/data/raw/tubastraea/images/train/AAab24-025__20240205-172644.jpg,JPEG,810,255,90.94600180041152,0,RGB,False,83.04024744865805,1920
3,/projetos/ghva/IA-Submarina-OnBoarding/data/raw/tubastraea/images/train/AAab24-031__20240206-134645.jpg,JPEG,810,255,74.60535772462278,0,RGB,False,63.99856279041654,1920
0,/projetos/ghva/IA-Submarina-OnBoarding/data/raw/tubastraea/images/train/AAab24-031__20240206-134648.jpg,JPEG,810,255,54.04262881515775,0,RGB,False,49.990796239236715,1920
0,/projetos/ghva/IA-Submarina-OnBoarding/data/raw/tubastraea/images/train/AAab24-031__20240206-134651.jpg,JPEG,810,255,55.37577246227709,0,RGB,False,51.80598076029464,1920
0,/projetos/ghva/IA-Submarina-OnBoarding/data/raw/tubastraea/images/train/AAab24-032__20240207-004309.jpg,JPEG,810,255,17.691321587791496,0,RGB,False,28.48135796150268,1920
0,/projetos/ghva/IA-Submarina-OnBoarding/data/raw/tubastraea/images/train/AAab24-032__20240207-004359.jpg,JPEG,810,255,18.5542313957476,0,RGB,False,32.77880012616171,1920
0,/projetos/ghva/IA-Submarina-OnBoarding/data/raw/tubastraea/images/train/AAab24-032__20240207-004449.jpg,JPEG,810,255,21.796838777434843,0,RGB,False,38.487839213353006,1920
0,/projetos/ghva/IA-Submarina-OnBoarding/data/raw/tubastraea/images/train/AAab24-032__20240207-004518.jpg,JPEG,810,255,21.57983860596708,0,RGB,False,37.47977754495924,1920
0,/projetos/ghva/IA-Submarina-OnBoarding/data/raw/tubastraea/images/train/AAab24-036__20240208-030125.jpg,JPEG,810,255,29.42472800925926,0,RGB,False,32.082255210443684,1920
0,/projetos/ghva/IA-Submarina-OnBoarding/data/raw/tubastraea/images/train/AAab24-036__20240208-030144-AAab24_036_TPROFUNDO_AMARRA_08_P25_Tubastraea_S_SUSPENSO.jpg,JPEG,810,255,32.895842335390945,0,RGB,False,40.75164504680037,1920
0,/projetos/ghva/IA-Submarina-OnBoarding/data/raw/tubastraea/images/train/AAab24-036__20240208-030517.jpg,JPEG,810,255,29.6941512345679,0,RGB,False,28.870222459408396,1920
0,/projetos/ghva/IA-Submarina-OnBoarding/data/raw/tubastraea/images/train/AAab24-036__20240208-030601.jpg,JPEG,810,255,34.442929741083674,0,RGB,False,37.547799777158374,1920
0,/projetos/ghva/IA-Submarina-OnBoarding/data/raw/tubastraea/images/train/AAjub24-062__20240219-144904.jpg,JPEG,790,255,84.7334282700422,0,RGB,False,75.53426989644142,1920
0,/projetos/ghva/IA-Submarina-OnBoarding/data/raw/tubastraea/images/train/AAjub24-062__20240219-144931.jpg,JPEG,790,255,85.18909194796062,0,RGB,False,75.2621906653198,1920
0,/projetos/ghva/IA-Submarina-OnBoarding/data/raw/tubastraea/images/train/AAjub24-062__20240219-144937.jpg,JPEG,790,255,85.356084959564,0,RGB,False,75.95483686327472,1920
0,/projetos/ghva/IA-Submarina-OnBoarding/data/raw/tubastraea/images/train/AAjub24-062__20240219-145005.jpg,JPEG,790,255,95.5421798083685,0,RGB,False,81.36266767745275,1920
0,/projetos/ghva/IA-Submarina-OnBoarding/data/raw/tubastraea/images/train/AAjub24-062__20240219-145014.jpg,JPEG,790,255,101.22849046237694,0,RGB,False,84.50249491544348,1920
0,/projetos/ghva/IA-Submarina-OnBoarding/data/raw/tubastraea/images/train/AAjub24-068__20240220-141452-AAjub24_068_TPROFUNDO_AMARRA_19_RE_BB_P58_Tubastraea_R_SUSPENSO.jpg,JPEG,815,255,55.229065695296526,0,RGB,False,53.8772687436423,1920
0,/projetos/ghva/IA-Submarina-OnBoarding/data/raw/tubastraea/images/train/AAjub24-068__20240220-141452.jpg,JPEG,815,255,55.27775157634628,0,RGB,False,51.968739163751955,1920
0,/projetos/ghva/IA-Submarina-OnBoarding/data/raw/tubastraea/images/train/AAjub24-068__20240220-141519.jpg,JPEG,815,255,56.14397899625085,0,RGB,False,51.58034567102574,1920
0,/projetos/ghva/IA-Submarina-OnBoarding/data/raw/tubastraea/images/train/AAjub24-068__20240220-141632.jpg,JPEG,815,255,67.56636758691207,0,RGB,False,62.004061073039956,1920
0,/projetos/ghva/IA-Submarina-OnBoarding/data/raw/tubastraea/images/train/AAjub24-068__20240220-141645.jpg,JPEG,815,255,64.23047418200409,0,RGB,False,59.76263968613419,1920
0,/projetos/ghva/IA-Submarina-OnBoarding/data/raw/tubastraea/images/train/AAjub24-068__20240220-141722.jpg,JPEG,815,255,73.70888633265167,0,RGB,False,65.93428043454816,1920
0,/projetos/ghva/IA-Submarina-OnBoarding/data/raw/tubastraea/images/train/AAjub24-068__20240220-141734.jpg,JPEG,815,255,79.47425506987048,0,RGB,False,69.03268126225805,1920
3,/projetos/ghva/IA-Submarina-OnBoarding/data/raw/tubastraea/images/train/AAjub24-069__20240222-171158-AAjub24_069_TPROFUNDO_AMARRA_22_RE_BB_P58_Tubastraea_R_SUSPENSO.jpg,JPEG,815,255,28.63253770449898,0,RGB,False,43.457125363407954,1920
0,/projetos/ghva/IA-Submarina-OnBoarding/data/raw/tubastraea/images/train/AAjub24-069__20240222-171158-AAjub24_069_TPROFUNDO_AMARRA_22_RE_BB_P58_Tubastraea_S_SUSPENSO.jpg,JPEG,815,255,25.1515759202454,0,RGB,False,37.992581515350125,1920
0,/projetos/ghva/IA-Submarina-OnBoarding/data/raw/tubastraea/images/train/AAjub24-069__20240222-171252.jpg,JPEG,815,255,27.325744078050445,0,RGB,False,37.991054336527704,1920
2,/projetos/ghva/IA-Submarina-OnBoarding/data/raw/tubastraea/images/train/AAjub24-069__20240222-171359.jpg,JPEG,815,255,35.74812649113838,0,RGB,False,52.33570607218996,1920
0,/projetos/ghva/IA-Submarina-OnBoarding/data/raw/tubastraea/images/train/AAjub24-069__20240222-171542.jpg,JPEG,815,255,41.3168796864349,0,RGB,False,40.13124379506615,1920
2,/projetos/ghva/IA-Submarina-OnBoarding/data/raw/tubastraea/images/train/AAjub24-070__20240222-230253.jpg,JPEG,815,255,23.36315141445126,0,RGB,False,41.74262232677153,1920
0,/projetos/ghva/IA-Submarina-OnBoarding/data/raw/tubastraea/images/train/AAjub24-070__20240222-230457.jpg,JPEG,815,255,16.869934389911382,0,RGB,False,25.497292477506186,1920
2,/projetos/ghva/IA-Submarina-OnBoarding/data/raw/tubastraea/images/train/AAjub24-070__20240222-230529.jpg,JPEG,815,255,27.016186733128833,0,RGB,False,45.414007386871255,1920
3,/projetos/ghva/IA-Submarina-OnBoarding/data/raw/tubastraea/images/train/AAjub24-071__20240223-060456.jpg,JPEG,815,255,56.81417625255624,0,RGB,False,56.67027902443225,1920
2,/projetos/ghva/IA-Submarina-OnBoarding/data/raw/tubastraea/images/train/AAjub24-071__20240223-060612.jpg,JPEG,815,255,35.80050570892979,0,RGB,False,39.66077424292092,1920
0,/projetos/ghva/IA-Submarina-OnBoarding/data/raw/tubastraea/images/train/AAjub24-072__20240223-134608.jpg,JPEG,815,255,42.38706373551466,0,RGB,False,44.052977743572484,1920
0,/projetos/ghva/IA-Submarina-OnBoarding/data/raw/tubastraea/images/train/AAjub24-072__20240223-134625.jpg,JPEG,815,255,44.25767254601227,0,RGB,False,43.07821198752798,1920
0,/projetos/ghva/IA-Submarina-OnBoarding/data/raw/tubastraea/images/train/AAjub24-072__20240223-134656.jpg,JPEG,815,255,50.750352973755966,0,RGB,False,47.31261990192791,1920
0,/projetos/ghva/IA-Submarina-OnBoarding/data/raw/tubastraea/images/train/AAjub24-072__20240223-134717.jpg,JPEG,815,255,60.13555832481254,0,RGB,False,60.066717050951105,1920
0,/projetos/ghva/IA-Submarina-OnBoarding/data/raw/tubastraea/images/train/AAjub24-072__20240223-134936.jpg,JPEG,815,255,66.67791964894342,0,RGB,False,58.79490832973314,1920
0,/projetos/ghva/IA-Submarina-OnBoarding/data/raw/tubastraea/images/train/AAjub24-087__20240226-055613.jpg,JPEG,815,255,39.18490264996592,0,RGB,False,45.68358403741874,1920
0,/projetos/ghva/IA-Submarina-OnBoarding/data/raw/tubastraea/images/train/AAjub24-087__20240226-055704-AAjub24_087_TRASO_AMARRA_5_RE_BE_P58_Tubastraea_R_SUSPENSO.jpg,JPEG,815,255,43.06733256646217,0,RGB,False,48.08867787385528,1920
0,/projetos/ghva/IA-Submarina-OnBoarding/data/raw/tubastraea/images/train/AAJUB24-088__20240226-190516.jpg,JPEG,815,255,21.135868907634627,0,RGB,False,36.98752472205018,1920
0,/projetos/ghva/IA-Submarina-OnBoarding/data/raw/tubastraea/images/train/AAJUB24-088__20240226-190615.jpg,JPEG,815,255,21.372780120995227,0,RGB,False,36.516590620037135,1920
3,/projetos/ghva/IA-Submarina-OnBoarding/data/raw/tubastraea/images/train/AAJUB24-088__20240226-190725.jpg,JPEG,815,255,22.537375383435585,0,RGB,False,37.22879254381231,1920
0,/projetos/ghva/IA-Submarina-OnBoarding/data/raw/tubastraea/images/train/AAJUB24-088__20240226-190741.jpg,JPEG,815,255,29.07130197682345,0,RGB,False,52.40520524497261,1920
0,/projetos/ghva/IA-Submarina-OnBoarding/data/raw/tubastraea/images/train/AAJUB24-088__20240226-190758.jpg,JPEG,815,255,24.656223585548737,0,RGB,False,43.53776459108492,1920
0,/projetos/ghva/IA-Submarina-OnBoarding/data/raw/tubastraea/images/train/AAJUB24-088__20240226-190839.jpg,JPEG,815,255,26.41991053169734,0,RGB,False,48.63153453559897,1920
2,/projetos/ghva/IA-Submarina-OnBoarding/data/raw/tubastraea/images/train/AAJUB24-088__20240226-190903.jpg,JPEG,815,255,25.465448406612133,0,RGB,False,43.976500112582265,1920
0,/projetos/ghva/IA-Submarina-OnBoarding/data/raw/tubastraea/images/train/AAJUB24-088__20240226-190954.jpg,JPEG,815,255,23.127485940695298,0,RGB,False,39.4289180871139,1920
2,/projetos/ghva/IA-Submarina-OnBoarding/data/raw/tubastraea/images/train/AAJUB24-088__20240226-191009.jpg,JPEG,815,255,36.42935433708248,0,RGB,False,64.46236806167934,1920
2,/projetos/ghva/IA-Submarina-OnBoarding/data/raw/tubastraea/images/train/AAJUB24-088__20240226-191149.jpg,JPEG,815,255,24.002277607361965,0,RGB,False,37.61866613480682,1920
0,/projetos/ghva/IA-Submarina-OnBoarding/data/raw/tubastraea/images/train/AAjub24_064__20240219-150112.jpg,JPEG,790,255,88.8589051511955,0,RGB,False,81.03937080873882,1920
0,/projetos/ghva/IA-Submarina-OnBoarding/data/raw/tubastraea/images/train/AAjub24_064__20240919-150052.jpg,JPEG,790,255,83.29456641174403,0,RGB,False,76.78129912038905,1920
2,/projetos/ghva/IA-Submarina-OnBoarding/data/raw/tubastraea/images/train/AAjub24_089__20240227-010717.jpg,JPEG,815,255,27.778314800613497,0,RGB,False,52.334253248814235,1920
2,/projetos/ghva/IA-Submarina-OnBoarding/data/raw/tubastraea/images/train/AAjub24_089__20240227-010757.jpg,JPEG,815,255,27.03847626959782,0,RGB,False,49.13982333515956,1920
0,/projetos/ghva/IA-Submarina-OnBoarding/data/raw/tubastraea/images/train/AAjub24_089__20240227-010805.jpg,JPEG,815,255,29.431901627471028,0,RGB,False,53.01060449852252,1920
2,/projetos/ghva/IA-Submarina-OnBoarding/data/raw/tubastraea/images/train/AAjub24_089__20240227-010842.jpg,JPEG,815,255,29.896968515678253,0,RGB,False,48.61611532790637,1920
0,/projetos/ghva/IA-Submarina-OnBoarding/data/raw/tubastraea/images/train/AAjub24_093__20240228-082856.jpg,JPEG,815,255,57.123683537832314,0,RGB,False,54.66582839926077,1920
0,/projetos/ghva/IA-Submarina-OnBoarding/data/raw/tubastraea/images/train/AAjub24_093__20240228-082858.jpg,JPEG,815,255,56.86375362133606,0,RGB,False,54.25030376827899,1920
2,/projetos/ghva/IA-Submarina-OnBoarding/data/raw/tubastraea/images/train/AAmls24-095__20240415-132613.jpg,JPEG,815,255,66.86100822256306,0,RGB,False,55.39365328005387,1920
0,/projetos/ghva/IA-Submarina-OnBoarding/data/raw/tubastraea/images/train/AAmls24-095__20240415-132627.jpg,JPEG,815,255,112.97196617246081,0,RGB,False,91.73348923475125,1920
2,/projetos/ghva/IA-Submarina-OnBoarding/data/raw/tubastraea/images/train/AAmls24-095__20240415-132646.jpg,JPEG,815,255,124.39261503067485,0,RGB,False,94.88343494110171,1920
2,/projetos/ghva/IA-Submarina-OnBoarding/data/raw/tubastraea/images/train/AAmls24-095__20240415-132650.jpg,JPEG,815,255,79.26735472051807,0,RGB,False,65.29115226734939,1920
2,/projetos/ghva/IA-Submarina-OnBoarding/data/raw/tubastraea/images/train/AAmls24-095__20240415-132823.jpg,JPEG,815,255,124.17714042263123,0,RGB,False,95.25309510088341,1920
2,/projetos/ghva/IA-Submarina-OnBoarding/data/raw/tubastraea/images/train/AAmls24-095__20240415-132829.jpg,JPEG,815,255,64.43169968473075,0,RGB,False,52.97560666745333,1920
2,/projetos/ghva/IA-Submarina-OnBoarding/data/raw/tubastraea/images/train/AAmls24-095__20240415-132837.jpg,JPEG,815,255,66.65499637866394,0,RGB,False,54.78793439104695,1920
2,/projetos/ghva/IA-Submarina-OnBoarding/data/raw/tubastraea/images/train/AAmls24-095__20240415-132842.jpg,JPEG,815,255,67.1477044989775,0,RGB,False,55.83435893982119,1920
2,/projetos/ghva/IA-Submarina-OnBoarding/data/raw/tubastraea/images/train/AAmls24-095__20240415-132916.jpg,JPEG,815,255,76.50846668370825,0,RGB,False,62.78674318362929,1920
0,/projetos/ghva/IA-Submarina-OnBoarding/data/raw/tubastraea/images/train/AAmls24-095__20240423-170316.jpg,JPEG,815,255,38.83979848329925,0,RGB,False,48.85842269135522,1920
0,/projetos/ghva/IA-Submarina-OnBoarding/data/raw/tubastraea/images/train/AAmls24-095__20240423-170326.jpg,JPEG,815,255,39.583875255623724,0,RGB,False,47.67902336061924,1920
0,/projetos/ghva/IA-Submarina-OnBoarding/data/raw/tubastraea/images/train/AAmls24-095__20240423-170358.jpg,JPEG,815,255,64.72463701431492,0,RGB,False,65.46528435147363,1920
0,/projetos/ghva/IA-Submarina-OnBoarding/data/raw/tubastraea/images/train/AAmls24-095__20240423-170612.jpg,JPEG,815,255,62.184549676209954,0,RGB,False,70.05115992999936,1920
0,/projetos/ghva/IA-Submarina-OnBoarding/data/raw/tubastraea/images/train/AAmls24-095__20240423-170710.jpg,JPEG,815,255,35.767981637695975,0,RGB,False,42.42704432698316,1920
0,/projetos/ghva/IA-Submarina-OnBoarding/data/raw/tubastraea/images/train/AAmls24-095__20240423-170714.jpg,JPEG,815,255,38.8268977931152,0,RGB,False,46.84163873096146,1920
0,/projetos/ghva/IA-Submarina-OnBoarding/data/raw/tubastraea/images/train/AAmls24-095__20240423-170744.jpg,JPEG,815,255,69.05247017723245,0,RGB,False,68.01222432148926,1920
0,/projetos/ghva/IA-Submarina-OnBoarding/data/raw/tubastraea/images/train/AAmls24-095__20240423-170805.jpg,JPEG,815,255,62.22094048227675,0,RGB,False,68.86259233163442,1920
0,/projetos/ghva/IA-Submarina-OnBoarding/data/raw/tubastraea/images/train/AAmls24-095__20240423-170822.jpg,JPEG,815,255,64.48830052828903,0,RGB,False,71.75507050991182,1920
0,/projetos/ghva/IA-Submarina-OnBoarding/data/raw/tubastraea/images/train/AAmls24-095__20240423-170838.jpg,JPEG,815,255,57.716857958418544,0,RGB,False,66.37786524851747,1920
2,/projetos/ghva/IA-Submarina-OnBoarding/data/raw/tubastraea/images/train/BGll24_030__P-67_BGll24_030_00049.jpg,JPEG,280,235,128.71980654761904,56,RGB,False,38.661874983986365,720
4,/projetos/ghva/IA-Submarina-OnBoarding/data/raw/tubastraea/images/train/BGll24_030__P-67_BGll24_030_00058.jpg,JPEG,280,255,134.7421841931217,55,RGB,False,45.769430787021214,720
1,/projetos/ghva/IA-Submarina-OnBoarding/data/raw/tubastraea/images/train/CABOELETRICO_PAT3 _ PAT1_00004.jpg,JPEG,480,255,122.86923514660494,0,RGB,False,87.58923234603806,720
1,/projetos/ghva/IA-Submarina-OnBoarding/data/raw/tubastraea/images/train/CABOELETRICO_PAT3 _ PAT1_00006.jpg,JPEG,480,255,126.17269772376544,0,RGB,False,93.71015051715777,720
2,/projetos/ghva/IA-Submarina-OnBoarding/data/raw/tubastraea/images/train/CHImxl24-114__20240624-185629-ic.jpg,JPEG,780,255,51.420362580128206,0,RGB,True,45.270929448062695,1920
1,/projetos/ghva/IA-Submarina-OnBoarding/data/raw/tubastraea/images/train/CHImxl24-114__20240624-185806-ic.jpg,JPEG,780,255,65.33364694622507,0,RGB,False,46.25105060894001,1920
1,/projetos/ghva/IA-Submarina-OnBoarding/data/raw/tubastraea/images/train/CHImxl24-114__20240624-185831-ic.jpg,JPEG,780,255,57.97043469551282,0,RGB,False,42.39697998672757,1920
1,/projetos/ghva/IA-Submarina-OnBoarding/data/raw/tubastraea/images/train/CHImxl24-114__20240624-185858-ic.jpg,JPEG,780,255,56.297702991452994,0,RGB,False,39.193252928521396,1920
1,/projetos/ghva/IA-Submarina-OnBoarding/data/raw/tubastraea/images/train/CHImxl24-114__20240624-185918-ic.jpg,JPEG,780,255,59.95967703881767,0,RGB,False,38.30781145924483,1920
3,/projetos/ghva/IA-Submarina-OnBoarding/data/raw/tubastraea/images/train/CHImxl24-114__20240624-185946-ic.jpg,JPEG,780,221,60.51176193019943,0,RGB,False,36.92629028825644,1920
3,/projetos/ghva/IA-Submarina-OnBoarding/data/raw/tubastraea/images/train/CHImxl24-114__20240624-190007-ic.jpg,JPEG,780,229,64.73199608262108,0,RGB,False,38.4052313062782,1920
2,/projetos/ghva/IA-Submarina-OnBoarding/data/raw/tubastraea/images/train/CHImxl24-114__20240624-190235-ic.jpg,JPEG,780,255,45.20617988782051,0,RGB,False,50.737054818135235,1920
4,/projetos/ghva/IA-Submarina-OnBoarding/data/raw/tubastraea/images/train/CHImxl24-114__20240624-190304-ic.jpg,JPEG,780,255,42.808501379985756,0,RGB,False,58.886878603501344,1920
4,/projetos/ghva/IA-Submarina-OnBoarding/data/raw/tubastraea/images/train/CHImxl24-114__20240624-190311-ic.jpg,JPEG,780,255,40.85565170940171,0,RGB,False,57.012602836065454,1920
2,/projetos/ghva/IA-Submarina-OnBoarding/data/raw/tubastraea/images/train/CHImxl24-114__20240624-190427-ic.jpg,JPEG,780,253,42.370564236111115,0,RGB,False,53.08250275951788,1920
1,/projetos/ghva/IA-Submarina-OnBoarding/data/raw/tubastraea/images/train/CHImxl24-114__20240625-101410-ic.jpg,JPEG,780,255,126.73046852742165,0,RGB,False,98.22927465710154,1920
1,/projetos/ghva/IA-Submarina-OnBoarding/data/raw/tubastraea/images/train/CHImxl24-114__20240625-101423-ic.jpg,JPEG,780,255,128.37589654558406,0,RGB,False,97.04190668100867,1920
1,/projetos/ghva/IA-Submarina-OnBoarding/data/raw/tubastraea/images/train/CHImxl24-114__20240625-101438-ic.jpg,JPEG,780,255,129.98901308760685,0,RGB,False,98.04239225350013,1920
1,/projetos/ghva/IA-Submarina-OnBoarding/data/raw/tubastraea/images/train/CHImxl24-114__20240625-101515-ic.jpg,JPEG,780,255,126.1714100338319,0,RGB,False,95.17300413387737,1920
1,/projetos/ghva/IA-Submarina-OnBoarding/data/raw/tubastraea/images/train/CHImxl24-114__20240625-101555-ic.jpg,JPEG,780,255,135.29181290064102,0,RGB,False,101.24860564493741,1920
2,/projetos/ghva/IA-Submarina-OnBoarding/data/raw/tubastraea/images/train/CMsph24_010__20240318-133739.jpg,JPEG,850,255,63.463262663398694,0,RGB,False,45.437328858543964,1920
3,/projetos/ghva/IA-Submarina-OnBoarding/data/raw/tubastraea/images/train/CMsph24_010__20240318-133815.jpg,JPEG,850,255,61.29761662581699,0,RGB,False,49.328580708466404,1920
1,/projetos/ghva/IA-Submarina-OnBoarding/data/raw/tubastraea/images/train/DO_AZdo24_002__20240304-073907.jpg,JPEG,840,255,129.08208581349206,0,RGB,False,45.648988965249984,1920
4,/projetos/ghva/IA-Submarina-OnBoarding/data/raw/tubastraea/images/train/DO_AZdo24_002__20240304-205637.jpg,JPEG,840,255,103.93407552083333,0,RGB,False,44.974193463564916,1920
4,/projetos/ghva/IA-Submarina-OnBoarding/data/raw/tubastraea/images/train/DO_AZdo24_002__20240304-205730.jpg,JPEG,840,255,102.53946283895503,0,RGB,False,43.34271349722728,1920
1,/projetos/ghva/IA-Submarina-OnBoarding/data/raw/tubastraea/images/train/PAT-3_PIDR-3_RISER 02-OL. 4__ PAT-1_PAT-3_Face Sul_2015-11-01_00016.jpg,JPEG,480,255,95.02381462191359,0,RGB,False,87.18526366104648,720
1,/projetos/ghva/IA-Submarina-OnBoarding/data/raw/tubastraea/images/train/PAT-3_PIDR-3_RISER 02-OL. 4__ PAT-1_PAT-3_Face Sul_2015-11-01_00017.jpg,JPEG,480,255,93.97413966049383,0,RGB,True,84.05668747764845,720
1,/projetos/ghva/IA-Submarina-OnBoarding/data/raw/tubastraea/images/train/PAT-3_PIDR-3_RISER 03 - OL. 4__ PAT-2-PAT-3_2015-11-26_00006.jpg,JPEG,480,255,104.53082368827161,0,RGB,True,86.27622215530177,720
1,/projetos/ghva/IA-Submarina-OnBoarding/data/raw/tubastraea/images/train/PAT-3_PIDR-3_RISER 03 - OL. 4__ PAT-2-PAT-3_2015-11-26_00011.jpg,JPEG,480,255,103.43584972993827,0,RGB,True,82.9940142058577,720
1,/projetos/ghva/IA-Submarina-OnBoarding/data/raw/tubastraea/images/train/PAT3_ANODO_047_FACE_1_00002.jpg,JPEG,480,255,88.37549961419754,0,RGB,True,99.43629602343768,720
1,/projetos/ghva/IA-Submarina-OnBoarding/data/raw/tubastraea/images/train/PCA3_00063.jpg,JPEG,480,255,144.51252700617283,0,RGB,False,57.61498493032561,720
1,/projetos/ghva/IA-Submarina-OnBoarding/data/raw/tubastraea/images/train/PPCEX_RNCE_PCR1_00112.jpg,JPEG,480,255,76.8535474537037,0,RGB,False,74.31567348268892,720
1,/projetos/ghva/IA-Submarina-OnBoarding/data/raw/tubastraea/images/train/SEAL_MON3_GUARICEMA_ANM_GA54_ANALISE_00002.jpg,JPEG,1080,255,108.65369438014403,4,RGB,False,55.185268327895,1920
1,/projetos/ghva/IA-Submarina-OnBoarding/data/raw/tubastraea/images/train/SEAL_MON3_GUARICEMA_ANM_GA54_ANALISE_00020.jpg,JPEG,1080,242,120.55453189300411,18,RGB,False,32.834925143731574,1920
1,/projetos/ghva/IA-Submarina-OnBoarding/data/raw/tubastraea/images/train/SEAL_MON3_GUARICEMA_ANM_GA54_ANALISE_00033.jpg,JPEG,1080,255,122.42766075102881,6,RGB,False,45.962381259631144,1920
1,/projetos/ghva/IA-Submarina-OnBoarding/data/raw/tubastraea/images/train/SEAL_MON3_GUARICEMA_ANM_GA54_ANALISE_00034.jpg,JPEG,1080,255,121.43307404192387,0,RGB,False,51.05925132419721,1920
1,/projetos/ghva/IA-Submarina-OnBoarding/data/raw/tubastraea/images/train/SEAL_MON3_GUARICEMA_ANM_GA54_ANALISE_00036.jpg,JPEG,1080,215,109.48851273148148,0,RGB,False,49.26268174927255,1920
1,/projetos/ghva/IA-Submarina-OnBoarding/data/raw/tubastraea/images/train/SEAL_MON3_GUARICEMA_ANM_GA54_ANALISE_00037.jpg,JPEG,1080,234,124.16416602366255,9,RGB,False,31.456458820248464,1920
1,/projetos/ghva/IA-Submarina-OnBoarding/data/raw/tubastraea/images/train/SEAL_MON3_GUARICEMA_ANM_GA54_ANALISE_00038.jpg,JPEG,1080,249,135.16589088220164,23,RGB,False,30.190704415789654,1920
1,/projetos/ghva/IA-Submarina-OnBoarding/data/raw/tubastraea/images/train/SEAL_MON4_CAIOBA_PCB1_ANALISE_00018.jpg,JPEG,1080,255,119.89726771476337,0,RGB,False,54.349316883928154,1920
1,/projetos/ghva/IA-Submarina-OnBoarding/data/raw/tubastraea/images/train/SEAL_MON4_CAIOBA_PCB1_ANALISE_00021.jpg,JPEG,1080,255,112.35871592078189,0,RGB,False,58.2832098910618,1920
1,/projetos/ghva/IA-Submarina-OnBoarding/data/raw/tubastraea/images/train/SEAL_MON4_CAIOBA_PCB1_ANALISE_00029.jpg,JPEG,1080,255,114.09268438143005,0,RGB,False,62.81582394245647,1920
1,/projetos/ghva/IA-Submarina-OnBoarding/data/raw/tubastraea/images/train/SEAL_MON4_CAIOBA_PCB4_ANALISE_00017.jpg,JPEG,1080,255,104.08732044110083,0,RGB,False,75.65475617304412,1920
1,/projetos/ghva/IA-Submarina-OnBoarding/data/raw/tubastraea/images/train/SEAL_MON4_CAIOBA_PCB4_ANALISE_00021.jpg,JPEG,1080,255,106.05276861496914,0,RGB,False,70.22055278528474,1920
4,/projetos/ghva/IA-Submarina-OnBoarding/data/raw/tubastraea/images/train/SEAL_MON_3_DOURADO_PDO3_ANALISE_(1).jpg,JPEG,1080,255,92.08752507716049,0,RGB,False,36.40774917367559,1920
4,/projetos/ghva/IA-Submarina-OnBoarding/data/raw/tubastraea/images/train/SEAL_MON_3_DOURADO_PDO3_ANALISE_(3).jpg,JPEG,1080,255,108.45307677469135,0,RGB,True,36.347154911888325,1920
1,/projetos/ghva/IA-Submarina-OnBoarding/data/raw/tubastraea/images/train/SEAL_MON_3_DOURADO_PDO3_ANALISE_(38).jpg,JPEG,1080,255,117.13929044495885,0,RGB,False,58.08948968260101,1920
1,/projetos/ghva/IA-Submarina-OnBoarding/data/raw/tubastraea/images/train/SEAL_MON_3_DOURADO_PDO3_ANALISE_(39).jpg,JPEG,1080,255,103.95073109567902,0,RGB,True,42.8782202564011,1920
1,/projetos/ghva/IA-Submarina-OnBoarding/data/raw/tubastraea/images/train/SEAL_MON_3_DOURADO_PDO3_ANALISE_(40).jpg,JPEG,1080,255,112.47187516075103,0,RGB,False,46.9906038767841,1920
1,/projetos/ghva/IA-Submarina-OnBoarding/data/raw/tubastraea/images/train/SEAL_MON_3_GUARICEMA_PGA5_ANALISE_(25).jpg,JPEG,1080,255,116.69162117412552,0,RGB,False,39.18822448659204,1920
1,/projetos/ghva/IA-Submarina-OnBoarding/data/raw/tubastraea/images/train/SEAL_MON_3_GUARICEMA_PGA5_ANALISE_(35).jpg,JPEG,1080,255,120.35090470679012,0,RGB,False,49.179496428625335,1920
1,/projetos/ghva/IA-Submarina-OnBoarding/data/raw/tubastraea/images/train/SEAL_MON_3_GUARICEMA_PGA7_ANALISE_(17).jpg,JPEG,1080,255,113.03607028034979,0,RGB,False,39.08077714454911,1920
4,/projetos/ghva/IA-Submarina-OnBoarding/data/raw/tubastraea/images/train/SEAL_MON_3_GUARICEMA_PGA7_ANALISE_(37).jpg,JPEG,1080,255,116.94576533564815,0,RGB,True,42.26684255774292,1920
3,/projetos/ghva/IA-Submarina-OnBoarding/data/raw/tubastraea/images/train/SEAL_MON_3_GUARICEMA_PGA7_ANALISE_(4).jpg,JPEG,1080,255,122.68941840277778,8,RGB,False,29.090239289205876,1920
1,/projetos/ghva/IA-Submarina-OnBoarding/data/raw/tubastraea/images/train/SEAL_MON_4_CAMORIM_PCM6_ANALISE_(22).jpg,JPEG,1080,255,122.29321630658436,0,RGB,False,42.8806949767889,1920
1,/projetos/ghva/IA-Submarina-OnBoarding/data/raw/tubastraea/images/train/SEAL_MON_4_CAMORIM_PCM6_ANALISE_(32).jpg,JPEG,1080,255,103.64607011959876,0,RGB,False,49.99160770623002,1920
1,/projetos/ghva/IA-Submarina-OnBoarding/data/raw/tubastraea/images/train/SEAL_MON_4_CAMORIM_PCM6_ANALISE_(8).jpg,JPEG,1080,255,115.06809863683128,0,RGB,False,40.982802991751846,1920
0,/projetos/ghva/IA-Submarina-OnBoarding/data/raw/tubastraea/images/train/SKCro24-023__20240206-170202.jpg,JPEG,770,234,23.41682877886003,0,RGB,False,38.34148403405868,1920
0,/projetos/ghva/IA-Submarina-OnBoarding/data/raw/tubastraea/images/train/SKCro24-023__20240206-170210.jpg,JPEG,770,240,25.31832454004329,0,RGB,False,44.04391304805886,1920
0,/projetos/ghva/IA-Submarina-OnBoarding/data/raw/tubastraea/images/train/SKCro24-023__20240206-170236.jpg,JPEG,770,244,28.209656836219335,0,RGB,False,48.140200276540476,1920
0,/projetos/ghva/IA-Submarina-OnBoarding/data/raw/tubastraea/images/train/SKCro24-023__20240206-170304.jpg,JPEG,770,238,29.793203237734488,0,RGB,False,44.61260908695394,1920
0,/projetos/ghva/IA-Submarina-OnBoarding/data/raw/tubastraea/images/train/SKCro24-023__20240206-170324.jpg,JPEG,770,235,27.89630275974026,0,RGB,False,41.10188222175431,1920
0,/projetos/ghva/IA-Submarina-OnBoarding/data/raw/tubastraea/images/train/SKCro24-023__20240206-170339.jpg,JPEG,770,241,26.353210903679653,0,RGB,False,36.56040170337689,1920
0,/projetos/ghva/IA-Submarina-OnBoarding/data/raw/tubastraea/images/train/SKCro24-023__20240206-170705.jpg,JPEG,770,242,26.335118596681095,0,RGB,False,31.31999584162911,1920
0,/projetos/ghva/IA-Submarina-OnBoarding/data/raw/tubastraea/images/train/SKCro24-023__20240206-170749.jpg,JPEG,770,238,34.369045138888886,0,RGB,False,41.12258759480562,1920
0,/projetos/ghva/IA-Submarina-OnBoarding/data/raw/tubastraea/images/train/SKCro24-023__20240206-170852.jpg,JPEG,770,218,32.274933035714284,0,RGB,False,29.56647750978014,1920
2,/projetos/ghva/IA-Submarina-OnBoarding/data/raw/tubastraea/images/train/SKCro24-024__20240207-002305.jpg,JPEG,770,243,20.31918538059163,0,RGB,False,47.52885175991502,1920
0,/projetos/ghva/IA-Submarina-OnBoarding/data/raw/tubastraea/images/train/SKCro24-024__20240207-002320-SKCro24_024_UMBILICAL_UEH_P52.jpg,JPEG,770,244,21.949148178210677,0,RGB,False,47.23292428194823,1920
0,/projetos/ghva/IA-Submarina-OnBoarding/data/raw/tubastraea/images/train/SKCro24-024__20240207-002404.jpg,JPEG,770,246,30.5052647005772,0,RGB,False,63.554696210541685,1920
0,/projetos/ghva/IA-Submarina-OnBoarding/data/raw/tubastraea/images/train/SKCro24-024__20240207-002434.jpg,JPEG,770,238,22.929413555194806,0,RGB,False,52.254176750160354,1920
2,/projetos/ghva/IA-Submarina-OnBoarding/data/raw/tubastraea/images/train/STRro24_065__20240228-091045-STRro24_065_FLEXIVEL_GL_P54 7_RO_62HP_RJS_Tubastraea_R_SUSPENSO.jpg,JPEG,750,255,71.53975300925926,0,RGB,False,48.40974663947597,1920
3,/projetos/ghva/IA-Submarina-OnBoarding/data/raw/tubastraea/images/train/STRro24_065__20240228-091119-STRro24_065_FLEXIVEL_GL_P54 7_RO_62HP_RJS_Tubastraea_R_SUSPENSO.jpg,JPEG,750,254,86.08209930555556,0,RGB,False,44.579547074223576,1920
2,/projetos/ghva/IA-Submarina-OnBoarding/data/raw/tubastraea/images/train/STRro24_065__20240228-091227-STRro24_065_FLEXIVEL_GL_P54 7_RO_62HP_RJS_Tubastraea_R_SUSPENSO.jpg,JPEG,750,255,94.17527731481482,4,RGB,False,52.55135221849711,1920
3,/projetos/ghva/IA-Submarina-OnBoarding/data/raw/tubastraea/images/train/STRro24_065__20240228-091245-STRro24_065_FLEXIVEL_GL_P54 7_RO_62HP_RJS_Tubastraea_R_SUSPENSO.jpg,JPEG,750,255,101.00275787037037,4,RGB,False,52.157905878542444,1920
3,/projetos/ghva/IA-Submarina-OnBoarding/data/raw/tubastraea/images/train/STRro24_065__20240228-091416-STRro24_065_FLEXIVEL_GL_P54 7_RO_62HP_RJS_Tubastraea_R_SUSPENSO.jpg,JPEG,750,255,106.8426212962963,0,RGB,False,60.29324306853462,1920
1,/projetos/ghva/IA-Submarina-OnBoarding/data/raw/tubastraea/images/train/SUB8xa24_085__20240321-124202.jpg,JPEG,860,255,149.39560400516797,4,RGB,False,80.65996586335956,1920
2,/projetos/ghva/IA-Submarina-OnBoarding/data/raw/tubastraea/images/train/SUB9srr24_064__20240327-185116.jpg,JPEG,820,255,37.623875973915986,0,RGB,False,63.40607204617226,1920
1,/projetos/ghva/IA-Submarina-OnBoarding/data/raw/tubastraea/images/test/SEAL_MON4_CAMORIM_PCM8_ANALISE_00003.png,PNG,1080,255,117.29390223122428,0,RGB,False,52.85971249301272,1920
1,/projetos/ghva/IA-Submarina-OnBoarding/data/raw/tubastraea/images/test/SEAL_MON4_CAMORIM_PCM8_ANALISE_00013.png,PNG,1080,255,117.30958847736626,0,RGB,False,75.18220921155094,1920
1,/projetos/ghva/IA-Submarina-OnBoarding/data/raw/tubastraea/images/test/SEAL_MON4_CAMORIM_PCM8_ANALISE_00019.png,PNG,1080,255,113.9465518904321,0,RGB,False,63.04156746083432,1920
1,/projetos/ghva/IA-Submarina-OnBoarding/data/raw/tubastraea/images/test/SEAL_MON4_CAMORIM_PCM8_ANALISE_00026.png,PNG,1080,255,99.08168563528807,0,RGB,False,65.32260472693122,1920
1,/projetos/ghva/IA-Submarina-OnBoarding/data/raw/tubastraea/images/test/SEAL_MON4_DOURADO_PD03_ANALISE_00013.png,PNG,1080,255,109.86841210133746,0,RGB,False,54.196509624669,1920
1,/projetos/ghva/IA-Submarina-OnBoarding/data/raw/tubastraea/images/test/SEAL_MON4_DOURADO_PD03_ANALISE_00017.png,PNG,1080,255,118.26475405092593,0,RGB,False,67.6288109397908,1920
1,/projetos/ghva/IA-Submarina-OnBoarding/data/raw/tubastraea/images/train/SEAL_MON4_CAMORIM_PCM7_ANALISE_00005.png,PNG,1080,255,117.37298209233539,0,RGB,True,51.415189463472906,1920
1,/projetos/ghva/IA-Submarina-OnBoarding/data/raw/tubastraea/images/train/SEAL_MON4_CAMORIM_PCM7_ANALISE_00012.png,PNG,1080,255,105.92017505787037,0,RGB,True,41.19842322059341,1920
1,/projetos/ghva/IA-Submarina-OnBoarding/data/raw/tubastraea/images/train/SEAL_MON4_CAMORIM_PCM8_ANALISE_00002.png,PNG,1080,255,120.3457421875,0,RGB,False,52.98412582612029,1920
